No,mst_name,formation_type,mst_link,mst_objectif,mst_program,mst_skills,mst_Coord
1,MST : Analyse Appliquée et Ingénierie Statistique,mst,https://fstt.ac.ma/Portail2023/mst-analyse-appliquee-etingenierie-statistique/,"Le Master Analyse Appliquée et Ingénierie Statistique (MAAIS) de l'Université Abdelmalek Essaadi a pour vocation d'offrir des parcours qui trouvent leurs bases dans une approche pluridisciplinaire. Au département de mathématiques on propose aux étudiants d’acquérir une double compétence en mathématiques et en statistiques appliquées s’appuyant sur un tronc commun développant des concepts et des outils de base. Pour une approche pluridisciplinaire des problèmes liés aux applications, les mathématiques et les statistiques appliquées ne peuvent que former des étudiants pour la recherche et les activités professionnelles de haut niveau avec un bon bagage mathématique. La spécialisation se ferait au terme du second semestre (S2) selon le choix des étudiants. En plus une bonne formation en tronc commun solide permettra de mieux optimiser les ressources humaines surtout au niveau des encadrants des PFEs (Master) et/ou des Doctorants.","{'Semestre 1': ['', ' Statistique mathématique (inférence 1)', ' Programmation avancée', ' Compléments d’analyses', ' Compléments d’algèbres', ' Analyse Numérique Matricielle et Calcul Parallèle', ' Équation différentielle stochastique (EDS)'], 'Semestre 2': ['', ' Théorie des EDP', ' Statistiques décisionnelles et simulation', ' Analyse fonctionnelle appliquée I', ' Les éléments finis et calculs scientifiques', ' Optimisation et contrôle optimale', ' Anglais Scientifique I (Soft Skills)'], 'Semestre 3 - SA': ['', ' Analyses de données & BIG DATA', ' ANOVA & Modèles MIXTES', ' Techniques de Sondages', ' Statistique des valeurs extrêmes', ' Séries chronologiques', ' Anglais Scientifiques II (Soft Skills)'], 'Semestre 3 - SM': ['', ' Homogénéisation et Analyses asymptotiques', ' Modélisation 1 et Système dynamiques', ' Réseaux de Neurones et Apprentissage Automatique & Programmation avancée 2', ' Espaces Lebesgue et Sobolev & Méthode variationelle', ' Analyses numériques des systèmes hyperboliques & Méthodes des volumes finis', ' Analyse numérique']}","Donner une formation mathématique et statistique de haut niveau et vise à développer les compétences en communication et l'autonomie des étudiants. | Connaissance de méthodes mathématiques et statistiques pour la résolution de problèmes issus d'autres disciplines (physique, chimie, biologie, informatique, économie, etc.). | Compréhension et analyse de documents scientifiques et de grandes bases de données. | Conduite d'un projet d'une durée d’un semestre. | Rédaction de rapports et présentation d'exposés de nature mathématique. | Préparation à l'agrégation de mathématiques et concours des professeurs de second cycle. | Ingénieur en simulation numérique",Coordinnateur pédagogique  : Pr.EL HALIMI Rachid          :  r.elhalimi@uae.ac.ma
2,MST : Bases Cellulaires et Moléculaires en Biotechnologie,mst,https://fstt.ac.ma/Portail2023/mst-bases-cellulaires-etmoleculaires-en-biotechnologie/,"Le master BCMB vise la formation des spécialistes dans le domaine des Biotechnologies capables de répondre aux exigences de la recherche fondamentale et appliquée, et de s’adapter au marché de l’emploi dans les secteurs socio-économique et industriel. Le lauréat sera doté d’une nouvelle conception à la biologie alliant théorie à la pratique. A l’issu de cette formation, le lauréat sera capable d’élaborer des protocoles, de maîtriser la manipulation, de pouvoir analyser et exploiter les résultats expérimentaux obtenus. Il sera aussi capable d’innover en apportant des solutions dans le domaine des Biotechnologies, d’animer une équipe et de gérer des projets, de rédiger mémoires et articles scientifiques, rapports et présenter des exposés.
L’objectif final est de former des chercheurs et des cadres de haut niveau, spécialistes en biotechnologies appliquées notamment dans les domaines de la sélection et l’amélioration génétique des plantes.","{'Semestre 1': ['', ' Techniques Expérimentales en Biotechnologie', ' Biologie Moléculaire', ' Technologie d’ADN recombinant', ' Communication cellulaire et voies de signalisation', ' BioInformatique', ' Du protocole expérimental à la rédaction scientifique'], 'Semestre 2': ['', ' Microbiologie Appliquée', ' Génomique', ' Concepts de Base en Génétique Quantitative', ' Protéomique', ' Technologie de transformation et de valorisation des bio-ressources', ' Système de Management intégré QSE'], 'Semestre 3 - BVA': ['', ' Fonctionnement des cellules végétales ', ' Interaction plante/Microorganismes,application en agroécologie', ' Technologies des PAM et des microalgues', ' Marqueurs moléculaires et cartographie génétique', ' Épidémiologie et contrôle des maladies dans les plantes de grande culture', ' Biotechnologie des Biomolécules'], 'Semestre 3 - BV': ['', ' Techniques d’amélioration et de sélection chez les plante', ' Pathologie microbienne des plantes', ' Biochimie Intégrative du Végétal', ' Interaction plantes-microorganismes', ' Lutte Biologique et Protection Intégrée des Plantes', ' Kit Pour l’Emploi/ Projet professionnel'], 'Semestre 3 - BA': ['', ' Neurobiologie Cellulaire', ' Biologie de développement', ' Pathologies et génétique moléculaire', ' Techniques d’amélioration et de sélection chez les animaux', ' Thérapie Cellulaire et Génique', ' Kit Pour l’Emploi/ Projet professionnel'], 'Semestre 4': ['', ' Projet de fin d’étude']}","Secteur public : chercheur, responsable, ingénieur dans des organismes dépendant de plusieurs ministères en particulier, du ministère de l’environnement, de l’agriculture et pêches maritimes, santé publique, éducation nationale et recherche scientifique ainsi que le ministère de l’intérieur. | Industries : Ingénieur et chef d’équipe en industrie agroalimentaire, pharmaceutique, médicale et toute industrie ayant un pôle Biotechnologie. | Service : poste de responsabilité dans les laboratoires publics ou privés d’analyse et de contrôle, organismes d’expertise, service vétérinaire et agricole, service de douanes, services spécialisés dans la gestion et le traitement des eaux, des déchets, bureaux d'études, hygiène et sécurité alimentaire, etc",Coordinnateur pédagogique : Pr.Mohamed NHIRI             :  mnhiri@uae.ac.ma
3,"MST : Environnement, Aquaculture et Développement Durable",mst,https://fstt.ac.ma/Portail2023/mst-environnement-aquacultureet-developpement-durable/,"Encore peu développée au Maroc, l’aquaculture offre des perspectives de développement très intéressantes. Le Maroc s’est donné tous les moyens pour insuffler une nouvelle dynamique dans le secteur halieutique, à travers le lancement du plan décennal 2015-2024 pour le développement de l’aquaculture continentale et le plan Halieutis qui vise une expansion importante de l’aquaculture marine. Les prévisions tablent sur une expansion importante de l’aquaculture, des industries et des services associés. C’est pour cette raison, et en vue de répondre aux besoins immédiats en métiers relatifs à la gestion et l’exploitation de l’environnement incluant les ressources aquacoles continentales et marines que se place le projet master interuniversitaire « Environnement, aquaculture et développement durable ( البيئة وتربية الأحياء المائية والتنمية المستدامة ). 


Ce master consiste en une formation pratique et interdisciplinaire. Elle pourvoit à une intégration aisée dans la vie active professionnelle. Il s'agit de former des cadres spécialisés dans le domaine de l’environnement, de l’aquaculture et du développement durable disposant d’une grande base de connaissances scientifiques pluridisciplinaires, leur permettant d’appréhender pertinemment la complexité et la dynamique environnementale des systèmes aquatiques et la problématique de leur gestion intégrée.","{'Semestre 1': ['', ' Écosystèmes aquatiques et pollution : salubrité et biosurveillance gouvernance', ' typologie des écosystèmes aquatiques', ' Ressources halieutiques (biologie, évaluation et gestion) ', ' Téledetection et traitement d’images optiques', ' Analyse bio statistique/Méthodologie de la rédaction', ' Anglais/développement personnel'], 'Semestre 2': ['', ' Océanologie', ' Ingénierie aquacol/ gestion des entreprises aquacoles', ' SIG Appliqués', ' Pathologie des organismes aquatiques/Amélioration génétique des espèces d’élevage', ' Base biologique de l’aquaculture/Alimentation et nutrition en aquaculture personnel', "" Economie de l'environnement, des ressources naturelles renouvelables et d’aquaculture""], 'Semestre 3': ['', ' Gestion intégrée des zones côtières et développement durable', ' Commercialisation, marketing et qualité des produits de la mer qualité/valorisation Gestion de Projet', ' Interaction environnement /aquaculture et aquaculture intégrée', ' Traitements physico-chimique des eaux / Bioremédiation', ' Gestion de projet', ' Management environnemental et droit de l’environnement'], 'Semestre 4': ['', ' Projet de fin d’étude']}",,Coordinnateur pédagogique : Pr.Hassan Er-RAIOUI             :  h.erraioui@fstt.ac.ma
4,MST : Géoressources Energétiques et Réservoirs,mst,https://fstt.ac.ma/Portail2023/mst-georessources-energetiques-et-reservoirs/,"L’activité accrue dans la recherche en géosciences appliquées aux prospections géoressources énergétiques et réservoirs s’intègre dans le cadre de la stratégie gouvernementale Marocaine « Stratégie Energétique Horizon 2030 » en tant qu’activité à fort impact économique pour le pays. C’est dans ce Contexte que l’Etat marocain s’est mis sur deux composantes en parallèle pour répondre à ses besoins en matière de l’énergie : Les Energies renouvelables (Solaire et Eolienne) et les Géoressources énergétiques (Gaz/Pétrole). Cette Dynamique a été accéléré par la mise en place des mesures fiscales en vue d’inciter l’exploration. Un dispositif qui a permis l’installation depuis 2012 de plus de 37 compagnies pétrolières étrangères, dont Repsol, Anadarko Petroleum, Kosmos Energy, Sound Energy, Chevron, deuxième compagnie pétrolière aux Etats-Unis, le géant pétrolier britannique British Petroleum (BP) et plusieurs autres en vue de mener des travaux d’exploration géologiques et géophysique pour la recherche d’hydrocarbures sur l’offshore Atlantique et sur l’Onshore Marocain sur plus de 770 000 Km². L’évaluation géologique, géophysique et pétrolière des différents permis et zones de reconnaissance a permis l’évidence de plusieurs « prospects » et « play concepts » notamment au niveau des permis Tendrara et dans le bassin du Gharb.
Pour un accompagnement universitaire de la vision de la Stratégie Energétique Horizon 2030, ce Master « Géoressources énergétiques et Réservoirs » sera le PREMIER MASTER À L’ÉCHELLE NATIONALE s’intéressant aux Géoressources énergétiques et réservoirs et se présentera en tant qu’une nécessité objective afin d’assurer :

Une formation scientifique de haut niveau avec un background scientifique solide en géosciences fondamentales et appliquées couplées aux disciplines liées à l’exploration des réservoirs et géoressources énergétiques associées,
Une formation scientifique adaptée aux besoins et à l’évolution du marché du travail national et international notamment en matière des cadres supérieurs qualifiés,
Une formation scientifique visant la mise en place des cadres hautement qualifiés sur le marché de l’emploi national et international,
Une formation scientifique comblant le vide des cadres compétents en géosciences fondamentales et appliquées dont plusieurs établissements privés, semi-publiques et publiques ont en besoin.

Les principaux objectifs du Master GEORESERVES s’inscrivent dans le cadre national « Stratégie Energétique Horizon 2030 » et se focalisent essentiellement :

Mettre en relief une formation académique universitaire de haute qualité en tant que passerelle entre l’Université et les opérateurs socio-économiques dans le Domaine des géoressources énergétiques (Gaz, pétrole et géothermie),
Drainer des experts internationaux pour la collaboration et le renforcement du cursus universitaire du Master Pour assurer un transfert du « How-Know » en guise de formation/qualification des cadres pluridisciplinaires,
Former et contribuer à la formation et la qualification de jeunes chercheurs des cadres à haut niveau capables d’intégrer les compagnies nationales et internationales opérant en géoressources énergétiques,
Renforcer la dynamique d’ouverture des jeunes diplômés sur le marché national et international et surtout africain dans le cadre des partenariats Sud-Sud et Sud-Nord avec les compagnies et Etablissements nationaux et internationaux afin de stimuler la promotion des richesses en géoressources énergétiques du pays.

Créer un label de renommé international pour la formation académique « Master GEORESERVES » en en faisant un pôle d’excellence d’innovation dans le domaine des géoressources énergétiques ; et ce en développant l’engagement et la responsabilisation du management pour instaurer une culture de la performance, de l’intégrité.","{'Semestre 1': ['', ' Géodynamique et Analyse des Bassins Sédimentaires ', ' Géologie structurale et Tectonophysique ', ' Micropaléontologie intégrée ', ' Géologie du Maroc et systèmes pétroliers associées ', ' Mécanique des fluides et Hydraulique ', ' Géomatique Appliquée aux Géoressources énergétiques'], 'Semestre 2': ['', ' Pétrologie Sédimentaire ', ' Sédimentologie et paléoenvironnements sédimentaires ', ' Modélisation et Simulation Numérique en Géosciences', ' Télédétection Optique et Radar Appliquées aux Géoressources énergétiques', ' Géostatistiques et analyse des données', ' Anglais scientifique et Développement personnel'], 'Semestre 3': ['', ' Introduction aux géosciences du pétrole', ' Caractéristiques géologiques et pétrophysiques des réservoirs', ' Hydrocarbures et maturité de la Matière Organique', ' Interprétation 2D-3D des profils séismiques', ' Prospection géophysique et techniques de forage', ' Management et Gestion de projets'], 'Semestre 4': ['', ' Stage d’initiation a la recherche']}",,Coordinnateur pédagogique : Pr.Mohamed Najib ZAGHLOUL             :  mzaghloul@uae.ac.ma
5,MST : Génie Civil,mst,https://fstt.ac.ma/Portail2023/mst-genie-civil/,"Le programme vise la formation des cadres en Génie Civil. A l’issue des deux années de formation, le lauréat en Master de Génie Civil doit être capable d’intervenir dans la conception, le suivi et la réalisation de projets dans les secteurs du Bâtiments et des Travaux Publics.
 La formation vise, également, à développer chez l’étudiant l’esprit d’initiative, de responsabilité et de gestion. Outre les compétences scientifique et technique, le programme dispense un ensemble d’activités facilitant l’insertion professionnelle de l’étudiant : les techniques d’expression, les langues, conférences sur des réalisations de chantier, les visites d’entreprises et de chantiers…etc.","{'Semestre 1': ['', ' Mathématiques Pour l’Ingénieur', ' Calculs et Analyses des Structures', ' Géotechnique', ' Géophysique Appliquée & Géo-risques', ' Méthodes Numériques', ' Matériaux de construction'], 'Semestre 2': ['', ' Béton précontraint', ' Dynamique et calcul parasismique', ' Transferts thermiques et Acoustique', ' Béton armé', ' Procédés Généraux de Constructions', ' Routes'], 'Semestre 3': ['', ' Ouvrages de Génie Civil', ' Assainissement', ' Construction Métallique', ' Urbanisme, Architecture et Construction', ' Efficacité Énergétique', ' Management de projet & BIM appliquée'], 'Semestre 4': ['', "" Projet de fin d'étude""]}",,Coordinnateur pédagogique : Pr.Dkiouak Rachid            :  r.dkiouak@uae.ac.ma
6,MST : Génie des Matériaux pour Plasturgie et Métallurgie,mst,https://fstt.ac.ma/Portail2023/mst-genie-des-materiaux-pour-plasturgie-et-metallurgie/,"Le Master Génie des Matériaux pour Plasturgie et Métallurgie (GMPM) se positionne dans le contexte de synergie ; Formation / Recherche / Industrie, avec des enseignements en relation avec les activités des industries de la région. Le programme vise à fournir des bases de chimie, génie des matériaux, mécanique avec un lien entre les procédés d’élaboration, de synthèse et de mise en forme de la matière première ainsi que l’étude des propriétés structurales et/ou fonctionnelles des matériaux tels que les polymères, les composites, les alliages métalliques, les céramiques et les biomatériaux.","{'Semestre 1': ['', ' Cristallographie et phénomènes', ' Métallurgie et matériaux métalliques', ' Formulation, rhéologie et modélisation', ' Verres, céramiques et matériaux', ' Polymères synthétiques', ' Anglais scientifique et communication'], 'Semestre 2': ['', ' Propriétés physiques et mécaniques', ' Métallurgie des poudres et fiabilité', ' Conception, modélisation et fabrication', ' Fonctionnalisation revêtements', ' Matériaux catalytiques', ' Gestion de projet, propriété'], 'Semestre 3': ['', ' Corrosion et Protection des matériaux', ' Techniques de caractérisation et d’analyses', ' Nanomatériaux et matériaux stratégiques', ' Mécanique de contact, tribologie', ' Choix des matériaux et procédés', ' Lean Management et analyse'], 'Semestre 4': ['', ' Projet de fin d’étude']}","Élaboration, caractérisation et contrôle des matériaux | Exigences liées au choix des matériaux | Maîtrise des mécanismes de dégradation des matériaux et du comportement matériau/milieu | Les techniques de diagnostic des matériaux dans les domaines de métallurgie et plasturgie | Analyse de défaillance et évaluation des coûts | Savoir-faire en matière d’élaboration de matériaux et de préparation d’échantillons",Coordinnateur pédagogique : Pr.Tarik CHAFIK            :  tchafik@uae.ac.ma
7,MST : Génie Energétique,mst,https://fstt.ac.ma/Portail2023/mst-genie-energetique/,Former des lauréats pour accompagner la stratégie énergétique nationale et mettre sur le marché du travail des jeunes « énergéticiens » capables de contribuer à la réalisation des différents projets dans le domaine d’énergétique.,"{'Semestre 1': ['', ' Thermodynamique Industrielle', ' Transferts Thermiques', ' Mathématiques de l’Ingénieur', ' Mécanique des Fluides', ' Méthodes Numériques', ' Matériaux pour l’Énergie'], 'Semestre 2': ['', ' Métrologie Thermique & Échangeurs Thermiques', ' Production & Stockage de l’Énergie', ' Automatique & Régulation', ' Ingénierie des Procédés', ' Énergie Éolienne', ' Langues et Techniques de Communication (TEC)'], 'Semestre 3': ['', ' Énergétique du bâtiment', ' Énergie Solaire', ' Efficacité Énergétique', ' Bioénergie', ' Gestion de la maintenance et Sureté de fonctionnement', ' Gestion de Projets & Gestion d’Entreprises'], 'Semestre 4': ['', ' Projet de Fin d’Etudes']}","Intégrer les organismes étatiques et privés en tant que cadres supérieurs, chefs de projets ; | Intégrer des bureaux d’études et éventuellement, créer leur propre bureau d’études ou leur propre entreprise ; | Créer leur propre entreprise (installation des systèmes énergétiques, audit et diagnostic énergétique, réhabilitation énergétique des bâtiments) ;",Coordinnateur pédagogique : Pr.Abdessalam DRAOUI            :  adraoui@uae.ac.ma
8,"MST : Ingénierie Environnementale, Changement Climatique et Développement Durable",mst,https://fstt.ac.ma/Portail2023/mst-ingenierie-environnementale-changement-climatique-et-developpement-durable/,"Ce Master « IE2C2D » a été préparé dans le cadre d’une convention de partenariat entre l’Université Abdelmalek Essaâdi (UAE) et le Centre de Compétences Changements Climatiques du Maroc (4C Maroc) avec le soutien du Programme des Nations Unies pour le Développement (PNUD).
Ce master a pour but de répondre à la demande extrêmement forte de former des experts professionnels multidisciplinaires en changement climatique capables d’élaborer des projets et de concevoir des stratégies pour le développement.

Cette formation fournit des bases fondamentales et appliquées indispensable pour traiter des problèmes environnementaux, et des problèmes de changement climatique, et aussi initier des stratégies de développement durable.

Les modules de cette filière sont relatifs aux études de l’Ingénierie Environnementale, Changement climatique et Développement Durable. Elle offre une formation de professionnalisation et de recherche-développement.

Ces experts seront amenés à travailler dans les métiers verts de différents secteurs publics ou privés touchant aux domaines d’adaptation au changement climatique, Atténuation au changement climatique, de l'ingénierie environnementale ou du développement économique et de l'expertise. Ils pourront intervenir sur des problématiques aussi variées que les risques naturels, les pollutions chimiques ou physiques et leurs impacts sur les écosystèmes, mais aussi sur des aspects liés au développement durable, à la gestion de l’environnement.","{'Semestre 1': ['', ' Gestions des Ressources Hydriques et Changement Climatique', ' Développement Durable et Changement Climatique', ' Gestion des Déchets et Economie Circulaire', ' Analyse de Cycle de Vie et Empreinte Carbone', ' Formation et Traitement des Polluants Atmosphérique', ' Méthodes de Collecte et Analyse de Données'], 'Semestre 2': ['', "" Techniques d'Expressions et Anglais Scientifique"", ' Énergies Renouvelables et Efficacité Énergétique', "" Télédétection et Système d'Information Géographique"", "" Statistiques/ Plans d'Expérience et Modélisation de Process"", "" Management Environnemental dans l'Entreprise"", ' Écotoxicologie du Sol'], 'Semestre 3': ['', ' Méthodologie de la Recherche Scientifique/Conférences', ' Anglais Scientifique II', ' Accords,Négociations, Instruments de Changement Climatique', ' Vulnérabilité et Adaptation\xa0 au Changement Climatique', ' Inventaire de Gaz à Effet de Serre et Atténuation au Changement Climatique', ' Science et Politique de Changement Climatique'], 'Semestre 4': ['', ' Projet de fin d’étude']}","Cadre dans le secteur privé ou public capable de faire la Diagnostic, planification et élaboration de stratégies pour le développement des régions vulnérables (Adaptation au changement climatique/ Atténuation du Changement Climatique). Concepteur de plans et dimensionnement d'installations énergétiquement efficientes, gestion et maintenance. | Cadre aux métiers verts qui sont de plus en plus sollicités par les acteurs économiques pour relever leurs défis d’intégrer les marchés internationaux, notamment de l’union européenne qui exigent des niveaux de conformité avec des normes élevés d’atténuation des émissions des Gaz à effet de serre. | Responsable de bureau de changement climatique | Chargés de mener des évaluations de risques environnementaux ; impliqués dans les procédés industriels et leurs conséquences sanitaires; concernés par la gestion de risques sanitaires liés à l'environnement. | Possédant les compétences scientifiques nécessaires à l'analyse, la prévention et le traitement des pollutions et des nuisances d'origines chimiques et capables d'effectuer des études sur les impacts environnementaux d'une activité ou d'un | aménagement, de prendre en compte les contraintes imposées par l'environnement sur les activités humaines (évaluation des risques - inondations, mouvements de terrain) et de proposer des stratégies environnementales en conformité avec les réglementations en cours. | Chercheurs dans des domaines associant la chimie ; « R&D » dans des entreprises développant un pôle environnement ou dépollution (automobiles, traitement des déchets, de l'air, industrie nucléaire); cadres dans les agences spécialisées en | environnement et les réseaux de mesure et de surveillance de la pollution atmosphérique. | Négociateurs de contrats (acquisitions ou échanges de technologies), responsables dans le domaine de la propriété intellectuelle, responsables technico-commerciaux, conseil en matière d'élaboration de programmes de développement durable.",Coordinnateur pédagogique : Pr.HOUDA EL AYADI          :  h.elayadi@uae.ac.ma
9,MST : Intelligence Artificielle et Sciences de Données,mst,https://fstt.ac.ma/Portail2023/mst-intelligence-artificielle-et-sciences-de-donnees/,"Cette formation d'excellence offre de solides connaissances en conception de systèmes d'intelligence artificielle et mathématiques appliquées afin de couvrir l'ensemble des problématiques de traitement et d'analyse des données massives que rencontre les entreprises. Elle met l'accent sur l'articulation entre apprentissage automatique, gestion et fouille de grandes masses de données, paradigmes du Big Data, représentation des connaissances, le traitement des données et sur les méthodologies récemment développées.","{'Semestre 1': ['', ' THÉORIES ET SYSTÈMES DE RAISONNEMENTS INTELLIGENTS', ' MATHÉMATIQUES POUR ANALYSE DE DONNÉES', ' PROGRAMMATION AVANCÉE', ' BASES DE DONNÉES AVANCÉES', ' MACHINE LEARNING 1', ' ANGLAIS ET TECHNIQUE D’EXPRESSION'], 'Semestre 2': ['', ' INFRASTRUCTURE ET ARCHITECTURE DES SYSTÈMES DISTRIBUES & BIG DATA', ' PLATEFORMES IOT CORE: TECHNOLOGIES, DATA ET IA', ' METAHEURISTIQUES & ALGORITHMES DE RECHERCHE STOCHASTIQUE', ' SMA & NLP', ' DATAMING & BI', ' DEVELOPPEMENT PERSONNEL ET INTELLIGENCE EMOTIONNELL'], 'Semestre 3': ['', ' MULTIMEDIA MINING AND INDEXING', ' MACHINE LEARNING 2 : DEEP and TRANSFERT LEARNING', ' DATA SPACES & DATA\xa0 INTEGRATION & SEMANTIC INTEROPERABILITY ', ' BLOCKCHAIN & SECURITE APPLICATIVE', ' VIRTUALIZATION, CLOUD AND EDGE COMPUTING', ' DIGITAL BUSINESS STRATEGIES\xa0 LEADERSHIP IN THE AGE OF AI'], 'Semestre 4': ['', ' Projet de fin d’étude']}",,Coordinnateur pédagogique  : Pr.EZZIYYANI MOSTAFA          :  mezziyyani@uae.ac.ma
10,MST : Mobiquité et Big Data,mst,https://fstt.ac.ma/Portail2023/mst-mobiquite-et-big-data/,"Récemment, le ""Big Data"" et la mobiquité sont devenus un véritable enjeu stratégique et économique. Le traitement et l’exploitation massive des Méga données est désormais une priorité stratégique pour s’engager dans l’évolution. En effet, ses applications se font sentir dans des domaines aussi variés que les sciences, le marketing, le développement durable, les transports, la santé et l’éducation, et représente un potentiel énorme de création d’emplois.
Le Master a pour but, de former des étudiants capables de répondre aux besoins de collecte, stockage, traitement et analyse des données massives, afin d’accompagner les organisations dans des processus de développement stratégique.","{'Semestre 1': ['', ' Programmation Orientée Objet Avancée : Java Et Python', ' Systèmes Embarqués Et Mobilité', ' Recherche Opérationnelle Et Théorie des Graphes', ' IP Mobile Et Protocoles', ' Administration Des Bases De Données', ' Anglais'], 'Semestre 2': ['', ' Data Mining Et Machine Learning', ' Statistique Descriptive Et Inférentielle', ' Bases Des Données Nosql', ' Architecture Et Technologies Big Data', ' Cloud Computing Et Virtualization', ' Soft Skills'], 'Semestre 3': ['', ' Analysis, Mining And Indexing In Big Multimedia Systems', ' Développement Mobile', ' Big Data Analytics', ' Objets Connectés Et Intelligence Artificielle Distribuée & SMA', ' Big Data Et Sécurité', "" Management De Projet Et Gestion De L'innovation""], 'Semestre 4': ['', ' Projet de fin d’étude']}",Big Data Architecte | Big Data Analyst | Data Scientist | Développeur Mobile | Administrateur des bases de données,Coordinnateur pédagogique : Pr.Mohamed BEN AHMED             :  mbenahmed@uae.ac.ma
11,MST : Modélisation Mathématique et Science de Données,mst,https://fstt.ac.ma/Portail2023/mst-modelisation-mathematique-et-science-de-donnees/,"Le Master Modélisation Mathématique et Science de Données (MMSD) de l'Université Abdelmalek Essaadi a pour vocation d'offrir des parcours qui trouvent leurs bases dans une approche pluridisciplinaire. Au département de mathématiques on propose aux étudiants d’acquérir une double compétence en Modélisation Mathématiques et en Science de Données s’appuyant sur la maîtrise de l'informatique scientifique notamment pour le calcul haute Performance, la Statistique et la Science de Données. Cela peut inclure des compétences en programmation, en visualisation de données et en utilisation de bibliothèques de modélisation.

Pour une approche pluridisciplinaire des problèmes liés aux applications, la Modélisation Mathématique et la Science de Données ne peuvent que former des étudiants pour la recherche et les activités professionnelles de haut niveau avec des compétences nécessaires pour mener un travail de recherche et/ou de développement en misant sur : l’autonomie dans l’analyse d’un problème complexe et la proposition d’approches (théoriques, numériques et/ou expérimentales) appropriées ; la maîtrise de l’outil informatique (notamment pour l’analyse de grandes quantités de données) et le calcul scientifique qui se pose à l’entreprise et une solution innovante et compétitive.
Capacité de communication : Les étudiants doivent être capables de présenter et de communiquer efficacement leurs résultats et leurs conclusions. Des compétences en visualisation des données et en présentation orale sont essentielles.
En plus une bonne formation en MMSD permettra de mieux optimiser les ressources humaines surtout au niveau des encadrants des PFEs (Master) et/ou des Doctorants.","{'Semestre 1': ['', ' Anglais Scientifique I & Soft Skils', ' Programmation Avancée avec Python et R', ' Analyse Numérique Matricielle Avancée', ' Modélisation et calcul fractionnaire ', ' Equation différentielle stochastique (EDS)', ' Analyse fonctionnelle et applications'], 'Semestre 2': ['', ' Sécurité Informatique', ' Analyse numérique des EDPs', ' Séminaire / Initiation à la recherche\xa0 ', ' IA et Machine Learning', ' Statistiques des valeurs extrêmes', ' Analyse asymptotique et modélisation'], 'Semestre 3': ['', ' Analyses de données /BIG DATA ', ' Modèles Mixtes et applications sous R', "" Semi Groupes et équation d'évolution\xa0 "", ' Optimisation et contrôle Optimal', ' Séries chronologiques et Méthodes de prévision', ' Anglais Scientifique II & Soft Skils'], 'Semestre 4': ['', ' Projet de fin d’étude']}","Donner une formation mathématique et statistique-informatique de haut niveau et vise à développer les compétences en communication et l'autonomie des étudiants. | Connaissance des outils pratiques de modélisation mathématiques et d’analyse des données pour la résolution de problèmes issus d'autres disciplines (physique, chimie, biologie, informatique, économie, etc.). | Compréhension et analyse de documents scientifiques et de grandes bases de données. | Conduite d'un projet d'une durée d’un semestre. | Rédaction de rapports et présentation d'exposés de nature mathématique. | Préparation à l'agrégation de mathématiques et concours des professeurs de second cycle. | Ingénieur en simulation numérique",Coordinnateur pédagogique  : Pr.EL HALIMI Rachid        :  r.elhalimi@uae.ac.ma
12,MST :  Sciences Agroalimentaires,mst,https://fstt.ac.ma/Portail2023/mst-sciences-agroalimentaires/,"L'objectif global de cette formation du Master est de former des ressources humaines dont le pays a besoin pour un développement optimal des sciences agroalimentaires.Parmi les objectifs spécifiques :Fournir aux étudiants une formation scientifique et professionnelle avec une approche globale et interdisciplinaire, couvrant différents domaines des sciences et technologies agroalimentaires.Préparer les étudiants à entamer leur vie active dans les différents domaines couvrant les technologies agroalimentaires.Former des professionnels ayant des compétences pour innover et solutionner des problèmes liés aux différents domaines couvrant les sciences agroalimentaires. Les cadres ainsi formés seront dotés d’une double compétence technologique et organisationnelle et seront capables de prendre en charge des projets de recherche et de développement en entreprise et de conduire des activités de production.","{'Semestre 1': ['', ' Procédés industriels', ' Techniques d’analyses des biomolécules 1', ' Anglais scientifique', ' Biochimie alimentaire', ' Microbiologie Alimentaire', ' Exploitation des Données expérimentales'], 'Semestre 2': ['', ' Techniques d’analyses des biomolécules 2', ' Production animale/Production végétale', ' Marketing et économie de filière', ' Réglementation et système de management de la santé et sécurité alimentaire', ' Filière de production : Transformation des produits d’origine végétale ', ' Filière de production : Transformation des produits d’origine animale'], 'Semestre 3': ['', ' Formulation, et chimie des aliments', ' Emballage et sécurité alimentaire', ' Soft Skill', ' Analyse de cycle de vie et valorisation des bioressources et biodéchets', ' Valeur nutritionnelle et sensorielle', ' Gestion de projet'], 'Semestre 4': ['', ' Stage d’initiation a la recherche']}","Conduite d’un projet R&D | Caractérisation physico-chimique, nutritionnelle, organoleptique et rhéologique des aliments | Méthodes d’analyse des données et d’interprétation des résultats | Formation générale à la communication et à la connaissance de l’environnement professionnel.",Coordinnateur pédagogique  : Pr.Amin LAGLAOUI            :  alaglaoui@uae.ac.ma
13,MST : Sciences de l'Environnement,mst,https://fstt.ac.ma/Portail2023/mst-sciences-delenvironnement/,"Cette formation permettra aux étudiants d’acquérir une spécialisation en environnement répondant aux exigences de la recherche fondamentale et appliquée, et apportant une ouverture sur les applications de la recherche dans les secteurs socio-économiques.","{'Semestre 1': ['', ' Procédés de séparation', ' Chimie de l’environnement et rejets urbains', ' Statistique et Simulation numérique', ' Microbiologie de l’Environnement', ' Changements climatiques', ' Anglais/ Expression et communication environnementale'], 'Semestre 2': ['', ' Fonctionnement et préservation des écosystèmes/Étude d’impact sur l’environnement', ' Ressources hydriques et risque de contamination', ' Risques environnementaux nature/ Gestion des déchets', ' Bio-remédiation et lutte biologique en environnement', ' Méthodes spectrométriques', ' Droit et management environnement'], 'Semestre 3': ['', ' Génie physico-chimique des traitements des eaux/ Dépollution atmosphérique', ' Environnement marin', ' Gestion des déchets, traitement et valorisation', ' Gestion intégrée des zones côtières/Développement durable', ' Microorganismes et Environnement', ' Gestion de projet'], 'Semestre 4': ['', ' Projet de fin d’étude']}","D’identifier et d’évaluer les différentes pollutions et de mettre en œuvre des technologies de traitements appropriés ; | D’acquérir les grandes techniques d’instrumentation, d’analyse et de contrôle pour la protection de l’environnement ; | De se préparer aux carrières de recherche universitaire et industrielle ;",Coordinnateur Pédagogique : Pr.A.El Arrim            :  a.elarrim@uae.ac.ma
14,MST : Sciences du Littoral: Approche Pluridisciplinaire,mst,https://fstt.ac.ma/Portail2023/mst-sciences-du-littoralapproche-pluridisciplinaire/,"Ce projet de Master représente le fruit d’un travail approfondi avec un financement de l’Union Européenne (Erasmus Plus - Capacity Building) impliquant 4 universités marocaines (Abdelmelk Essaâdi, IbnTofail, Mohammed V et Chouaib Doukkali). La finalité du projet est d’accompagner par la formation, la dynamique socioéconomique que connait le Maroc. En effet, avec ses 3500 kms de côte (façades Atlantique et méditerranée) le Royaume du Maroc se fixe un positionnement de Leader en Afrique et dans l’espace méditerranéen en matière de gestion intégrée du littoral et de ses infrastructures maritimes et portuaires de grande envergure. Cette gestion intégrée prend en considération l’ensemble des secteurs porteurs de richesse et de création d’emploi, à savoir, les secteurs de la pêche, le tourisme, l’aménagement du territoire, les changements climatiques, le transport, la logistique maritime etc. L’objectif final de ce projet est de former un potentiel humain compétent et rapidement opérationnel pour accompagner la dynamique nationale de développement relative aux différentes activités socioéconomiques du littoral marocain.
 Les deux premiers semestres de ce master constituent un tronc commun visant la mise à niveau des étudiants ayant des profils différents. Le 3ème semestre est dédié aux différents parcours ou options. Chaque option est prise en charge par chaque université engagée dans ce projet. La pluridisciplinarité constitue un atout essentiel de la formation et permet aux étudiants d'acquérir une vision large et globale sur le fonctionnement biogéochimique des écosystèmes littoraux et marins.","{'Semestre 1': ['', ' Anglais scientifique', ' SPOC Risques Côtiers : RISCOMAR (cours en ligne)', ' Biologie des écosystèmes marins et côtiers', ' Valorisation des ressources marines', ' Géologie marine appliquée', ' Géomorphologie et dynamique du littoral'], 'Semestre 2': ['', ' Gestion de projets', ' Instrumentation pour des applications côtières et littorales', ' École de terrain : Approches thématiques', ' Océanographie physique', ' Introduction à la chimie des écosystèmes marins et côtiers', ' Droit et économie de la mer et de l’environnement littoral'], 'Semestre 3': ['', ' Aménagement du littoral et impacts socioéconomiques', ' Changements climatiques et risques côtiers', ' Érosion côtière et stabilité du littoral', ' Agro-écologie appliquée à l’aquaculture', ' Droit de la mer et géopolitique marine', ' Télédétection SIG'], 'Semestre 4': ['', ' Projet de Fin d’Etudes']}",,Coordinnateur pédagogique : Pr.Maatouk Mustapha            :  mmaatouk@uae.ac.ma
15,MST : Sécurité IT et Big Data,mst,https://fstt.ac.ma/Portail2023/mst-securite-it-et-big-data/,"La transformation digitale a profondément modifie tous les aspects du fonctionnement des entreprises et des organisations d’aujourd'hui. Le volume de données que les entreprises créent, manipulent et stockent augmente. De plus la dématérialisation massive des systèmes d'Information vers le cloud, l'explosion de l'internet des objets (IoT) dans un monde tout connecté accessible en mobilité avec smartphone, tablettes, la fraude sur internet via différentes techniques d'ingénierie sociale, la perte de données sensibles suite à des malversations, l'accroissement du télétravail utilisant des réseaux de communication vulnérables ( Internet, mobiles, wifi...) par conséquent les environnements informatiques des entreprises sont plus complexes qu'ils ne l'étaient auparavant, cette complexité crée une surface d'attaque étendue qui est plus difficile à surveiller et à sécuriser. Ceci oblige les entreprises et organisations à repenser leur approche du cyber sécurité, dans un cadre réglementaire de plus en plus contraignant, pour être en mesure de continuer à protéger leurs systèmes d'information de la "" Cyber-menace"" en constante évolution.

Dans ce contexte, le Master Sciences et Technique: Sécurité IT et Big Data vise à former des étudiants capables de s'intégrer dans des projets d'envergure dans le domaine de la sécurité des données massives, en cryptographie, en sécurité des réseaux et des protocoles, ayant des grandes compétences et capacités avancés leurs permettant d'appréhender les modes de pensée des hackers, de mettre en place des audits cyber sécurité, d'imaginer les contremesures efficaces, de superviser les systèmes d'exploitation, les réseaux et les applications web, de mettre en place des approches de gouvernance de la sécurité, et enfin de gérer les risques.","{'Semestre 1': ['', ' Programmation Orientée Objet Avancée en Java / Python', ' Réseaux avancés', ' Data Mining (DM) et Systèmes d’Aide à la Décision (DAS', ' Administration Systèmes et Réseaux', ' Concepts fondamentaux de l’intelligence artificielle', ' Anglais et technique d’expression'], 'Semestre 2': ['', ' Intelligence Artificielle Distribuée (SMA) & Apprentissage Automatique (ML)', ' Technologies IoT: Architectes, protocoles et applications', ' Virtualisation, Cloud et Edge Computing', ' Cryptographie Et Sécurité des Services', ' Architecture et Technologies Big Data', ' Gestion de l’innovation et management de projet informatique'], 'Semestre 3': ['', ' Cybersecurity & Ethical hacking', ' Calcul Haute Performance et Applications en Big Data', ' Deep learning et Applications', ' Administration des Bases de Données Distribuées et Clusters Big Data', ' Audit des systèmes d’information et Management de la sécurité des systèmes d’information', ' Développement Personnel Et Intelligence Émotionnelle'], 'Semestre 4': ['', ' Projet de fin d’étude']}",Ingénieur en Cyber Sécurité. | Spécialiste en Gouvernance de la Sécurité. | Spécialiste de sécurité applicative. | Ethical Hacker. | Expert en Cyber sécurité. | Architecte Réseaux et Systèmes sécurisé. | Big Data Architecte. | Big Data Analyst. | Administrateur sécurité réseaux.,"Coordinnateur pédagogique  : Pr.Abdelhamid ZOUHAIR	        :  mstsit.bd@gmail.com"
16,MST : Systèmes Informatiques  et Mobiles,mst,https://fstt.ac.ma/Portail2023/mst-systemes-informatiqueset-mobiles/,"L’administration des systèmes informatiques et mobiles, comme le Cloud Computing et les objets Internet interconnectés, est devenue aujourd’hui d’une grande nécessité, car ces systèmes sont utilisés dans pratiquement tous les secteurs de l’industrie. En effet, l’évolution de la télécommunication, des téléphones mobiles, des capteurs à prix réduits, et des systèmes Cloud Computing, a créé ce besoin, notamment pour mieux gérer ces infrastructures, qui font, désormais, partie de la vie du citoyen de tous les jours, par exemple dans les réseaux sociaux, les domaines bancaires, les transports, le e-commerce, etc.
Ce Master a pour objectif de former des étudiants capables de répondre aux besoins de gestion et d’administration des systèmes informatiques et mobiles, tout en ayant les compétences nécessaires dans le développement d’applications spécifiques et de la sécurité, ceci afin d’accompagner les organisations dans leurs processus d’implémentation de systèmes informatiques modernes et évolués.","{'Semestre 1': ['', ' Programmation Orientée Objet', ' Systèmes Embarqués Et Mobilité', ' Théorie des Graphes et Recherche', ' IP Mobile Et Protocoles', ' Administration Des Bases De Données', ' Anglais'], 'Semestre 2': ['', ' Data Mining et Machine Learning', ' Scripting Shell et programmation système', ' Administration systèmes et\xa0 réseaux', ' Administration systèmes et réseaux', ' Cloud Computing et Virtualisation', ' Soft Skills'], 'Semestre 3': ['', ' Analysis, Mining And Indexing In Big Multimedia Systems ', ' Développement Mobile', ' Cyber sécurité et investigation', ' Objets Connectés et Intelligence', ' Calcul parallèle et application distribuées', "" Management de Projet et Gestion de l'Innovation""], 'Semestre 4': ['', ' Projet de fin d’étude']}",Administration des infrastructures informatiques des établissements | Implémentation et gestion des systèmes Cloud Computing | Réalisation d’applications mobiles pour des besoins spécifiques | Sécurité des systèmes d’information | Gestion des systèmes mobiles et des objets connectés | Administration des bases de données | Administration de la sécurité réseaux | Développement des applications Mobiles | Développement des applications pour l’Internet des Objets,Coordinnateur pédagogique: Pr.El Amrani Chaker           :  celamrani@uae.ac.ma
17,Analytique des données,lst,https://fstt.ac.ma/Portail2023/lst-analytique-des-donnees/,"La Licence Science et Techniques en analytique des données permet aux étudiants de doter de compétences en matière d'outils informatiques, des
techniques et des méthodes statistiques pour permettre d’organiser, de synthétiser et de traduire efficacement les données métier d’une
organisation. L'étudiant doit être en mesure d'apporter un appui analytique à la conduite d'exploration et à l'analyse complexe de données.","{'Semestre 5': ['', ' Mathématiques pour la science des données', ' Structures des données avancées et théorie des graphes', ' Fondamentaux des bases de données', ' Algorithmique avancée et programmation', ' Développement WEB', ' Développement personnel et intelligence émotionnelle (Soft skills)'], 'Semestre 6': ['', ' Analyse et fouille de données', ' Systèmes et réseaux', ' Ingénierie des données ', ' PFE']}","Masters en sciences de données: fouille de données, business analytiques, blockchain, | Masters orientés e-Technologies: e-Business, e-Administration et e-Logistique | Formations d’Ingénieurs dans une école d’ingénieurs à l’issue de la deuxième ou de la troisième année de licence | Data scientist | Technicien supérieur en SGBD R : installation, configuration et administration des SGBD | WebMaster et développeur de sites web dynamiques | Intégration du monde du travail dans les entreprises et les bureaux d’études",Coordinnateur : Pr.BAIDA Ouafae             :  wbaida@uae.ac.ma
18,Biotechnologies (Options : animale et végétale),lst,https://fstt.ac.ma/Portail2023/lst-biotechnologies/,"L’objectif de la licence Biotechnologie consiste à former des étudiants dans les différents champs disciplinaires de la biologie moderne et de permettre aux étudiants d’acquérir de solides connaissances scientifiques pour une réelle compréhension du Vivant. L’enseignement est conçu pour allier concepts fondamentaux et apprentissage des outils méthodologiques. Il est également conçu pour étendre les compétences au-delà du domaine de la biologie, en particulier vers le monde économique. Ce parcours de licence vise donc à :

Donner des bases fondamentales et des techniques dans le domaine de la biologie moléculaire, de la génétique, de l’immunologie, du génie microbiologique, de l’enzymologie, de la physiologie animale ou végétale, de la biotechnologie animale ou végétale, de l’Ecologie appliquée à la biologie et de la lutte biologique.
Sensibiliser les étudiants aux évolutions technologiques des disciplines concernées.
Permettre aux étudiants d'accéder à un Master.
Intégrer la réflexion scientifique aux problèmes de société.","{'Semestre 5': ['', ' Biologie moléculaire', ' Génétique', ' Enzymologie', ' Immunologie et immunotechnologie', ' Génie Microbiologique', ' Techniques appliquées à la Biologie'], 'Semestre 6 ( Option : végétale)': ['', ' Valorisation des ressources végétales et génie des biomolécules', ' Physiologie végétale', ' Biotechnologie végétale', ' Projet de fin d’études'], 'Semestre 6 ( Option : Animale)': ['', ' Ecologie appliquée à la biologie et lutte biologique', ' Physiologie Animale', ' Biotechnologie Animale', ' Projet de fin d’études']}","Les métiers de l'enseignement primaire, secondaire. | Les métiers de la recherche appliquée et du développement dans les secteurs des biotechnologies, de l'agro-  alimentaire, de l'industrie pharmaceutique,... | Les métiers de la vente (délégués médicaux, technico-commerciaux, entretien d'appareillages scientifiques...). | Les métiers du conseil (consultants, experts auprès de cabinets juridiques ou d'institutions). | Les métiers du journalisme scientifique.","Coordinnateur pédagogique : Pr.Bouayad Noureddin

 :  nbouayad@uae.ac.ma"
19,Design Industriel et Productique (DIP),lst,https://fstt.ac.ma/Portail2023/lst-design-industriel-et-productique/,"Le Lauréat de Licence en Design et Productique en Génie Mécanique, à travers sa formation technique et scientifique, sera en mesure de suivre et d’intervenir dans toutes les étapes de Design, de réalisation, de Contrôle et de suivi du produit tout au long de son cycle de vie.","{'Semestre 5': ['', ' Choix des matériaux, dimensionnement et essais', ' Eléments de machines', ' Machines industrielles', ' Management Industriel', ' CAO\xa0: Conception Assistée par Ordinateur', ' Métrologie et Contrôle de Qualité'], 'Semestre 6': ['', ' FAO\xa0: Fabrication Assistée par Ordinateur', ' Prototypage Rapide', ' Innovation et créativité', ' Projet de fin d’études']}","Planification et ordonnancement des opérations de fabrication ; | Participation à l’élaboration d’un cahier de charge de produit mécanique ; | Gestion de la production mécanique ; | Maintenance des équipements mécaniques (Roulements, embrayages, pompes, …) ; | Contrôle de la conformité des produits dans les Laboratoires et Département qualité : Spécification géométriques
        et d’état de surface, Essais Mécaniques, Traitements thermiques des matériaux ; | Intégration des Services Techniques d’Achat de vente et après-vente.","Coordinnateur pédagogique : Pr.Elmesbahi Abdelilah

 :  a.mesbahi@uae.ac.ma"
20,Énergies Renouvelables (EnR),lst,https://fstt.ac.ma/Portail2023/lst-energies-renouvelables/,"Approfondir les connaissances scientifiques et techniques en énergies renouvelables. Ce domaine inclut l’énergie solaire, éolienne, géothermique, hydraulique, thermoélectrique, L’énergie de la biomasse, le stockage de l’énergie, l’efficacité énergétique.
Elle permettra aux étudiants de pouvoir créer leur entreprise pour l’installation et l’entretien des mini installations photovoltaïques, éolienne, donner du conseil au niveau EnR, ou intégrer des cycles d’ingénieurs ou de Master spécialisés.","{'Semestre 5': ['', ' Calcul Scientifique/Traitement du Signal', ' Mécanique des Fluides/Transferts Thermiques', ' Génie des Matériaux', ' Convertisseurs Statiques d’Énergie Électrique', ' Électrotechnique et Machines Électriques', ' Production des Énergies Renouvelables'], 'Semestre 6': ['', ' Énergie Solaire', ' Énergie Éolienne', ' Maintenance et fiabilité/Gestion de projets- Législation', ' Projet de fin d’études']}",,"Coordinnateur pédagogique: Pr.Ahachad Mohammed

 :  mahachad@uae.ac.ma"
21,Génie civil,lst,https://fstt.ac.ma/Portail2023/lst-genie-civil/,"Former les étudiants aux sciences mécaniques en général et au génie civil en particulier ;Doter les étudiants des outils théoriques, numériques et pratiques pour les applications de la Mécanique aux technologies du Génie Civil et aux techniques de la mécanique des structures ;Dispenser une formation fondamentale en mécanique des structures et en Génie Civil leur permettant la poursuite des études.","{'Semestre 5': ['', ' Mécanique des milieux continus et Outils Techniques en Génie Civil', ' Résistance des matériaux', ' Béton armé', ' Mécanique des sols et notions de base de la géotechnique', ' Matériaux de construction', ' Méthodes numériques et calcul scientifique'], 'Semestre 6': ['', ' Analyse et calcul des structures', ' Électricité du bâtiment', ' Hydraulique et Assainissement', ' Projet de fin d’études']}",,"Coordinnateur pédagogique : Pr.MABSSOUT Mokhtar	

 :  mmabssout@uae.ac.ma"
22,Génie des Procédés,lst,https://fstt.ac.ma/Portail2023/lst-8-genie-des-procedes/,"Formation visant à donner aux étudiants des bases solides en chimie, physique, mathématiques, informatique et de gestion des procédés industriels. Les lauréats de la formation seront capables de conduire des ateliers de fabrication continue et séquentielle, de manager une équipe, de connaître et de prendre en compte les contraintes de sécurité, d’environnement et de l’organisation scientifique du travail.","{'Semestre 5': ['', ' Calculs des réacteurs', ' Bilan Matière et Énergie', ' Opérations Unitaires', ' Mécanique des fluides et Hydraulique', ' Optimisation des Procédés Industrielle', ' Modélisation des processus et Régulation des Procédés'], 'Semestre 6': ['', ' Matériaux et Industrie chimique', ' Procédés de Dépollution', ' Valorisation des Ressources', ' Projet de fin d’études']}","Mettre l’étudiant au cœur des problèmes technologique réel qu’il devra résoudre. | Le futur lauréat doit convaincre le secteur industriel et laboratoires de ses capacités scientifiques, multidisciplinaires, décisionnelles et organisationnelles.",Coordinnateur pédagogique  : Pr.AZAAR Khalid            :  k.azaar@uae.ac.ma
23,"Génie Électrique Option: Génie
Électrique & Système Industriel",lst,https://fstt.ac.ma/Portail2023/lst-genie-electrique-option-genieelectrique-systeme-industriel/,"L’objectif de la licence Génie électrique est de donner aux étudiants les éléments de base en physique mathématique et informatique et de leur apporter une formation solide dans les domaines du génie électrique, en particulier en électronique électrotechnique. Ce qui leur permettra de préparer un master à dominante ingénierie EEA ou d’intégrer les grandes écoles d’ingénieurs. Ils pourront aussi se présenter aux différentes fonctions publiques ou privées exigeant le niveau de la licence.
Les étudiants sont également initiés à la vie professionnelle par le biais de stages au sein des entreprises.","{'Semestre 5': ['', ' Traitement de signal & Télécommunication', ' Actionneurs industriels', ' Électronique et systèmes', ' Automatismes', ' Électronique de puissance', ' Gestion de maintenance et sûreté de fonctionnement'], 'Semestre 6': ['', ' Management du projet ', ' Microcontrôleur microprocesseur ', ' Réseaux et base de données', ' Projet de fin d’études']}","Électronique de contrôle, de mesure et de commande. | Traitement et analyse du signal. | Principe de fonctionnement et le domaine d’application des machines électriques. | Électronique de puissance. | Automates programmables. | Techniques de commande de processus industriels. | Systèmes à microprocesseur. | Réseaux informatique. | Bases de données. | Gestion de la maintenance.",Coordinnateur pédagogique : Pr. Mekrini Zineb            :  zmekrini@uae.ac.ma
24,Génie Industriel,lst,https://fstt.ac.ma/Portail2023/lst-genie-industriel/,"Cette formation pluridisciplinaire garantit l’ouverture d’esprit nécessaire pour appréhender et dominer les problèmes concernant un projet industriel dont l’aspect technique ne constitue qu’une partie parmi d’autres.
L’étudiant disposant d’une licence Sciences et techniques Génie Industriel pourra poursuivre ses études supérieures dans les différentes grandes écoles ou bien en Master Science et Techniques. Il pourra aussi intégrer le tissu industriel essentiellement les PME/PMI.","{'Semestre 5': ['', ' Machines Hydrauliques', ' Gestion de production', ' Machines Thermiques', ' Gestion de la qualité', ' Gestion de la maintenance et sureté de fonctionnement', ' Matériaux et RDM'], 'Semestre 6': ['', ' Logistique et Supply Chain Management', ' Optimisation des Systèmes', ' Management de projet', ' Projet de fin d’études']}",Métiers de l’ingénieur : Production ; Méthodes ; Maintenance ; Management de la qualité. | Poursuite des études en Master ou en cycle d’ingénieur.,Coordinnateur pédagogique  : Pr.Hassan El M’rabet             : helmramet@uae.ac.ma
25,Génie Informatique,lst,https://fstt.ac.ma/Portail2023/lst-genie-informatique/,"Avoir une culture de base scientifique ;Acquérir une base solide dans les axes majeurs et fondamentaux de la discipline informatique : Algorithmique, Programmation, Bases de Données, Technologies Web, Systèmes d’Exploitation et Réseaux Informatiques, ... ;Développer un savoir-faire technique en informatique : technologie objet, informatique distribuée, architectures client-serveur et n-tiers, applications hétérogènes, … ;","{'Semestre 5': ['', ' Programmation Orientée Objet en C++', ' Bases de Données ', ' Architecture C/S et Développement Web Dynamique', ' Introduction aux Réseaux Informatiques', ' Système d’exploitation UNIX/Linux', ' TEC & Anglais'], 'Semestre 6': ['', ' Modélisation UML', ' Programmation Orientée Objet en Langage JAVA', ' Les Réseaux TCP/IP', ' Projet de fin d’études']}",,Coordinnateur pédagogique  : Pr.Boudhir Anouar Abdelhakim             : aboudhir@uae.ac.ma
26,Géosciences Appliquées,lst,https://fstt.ac.ma/Portail2023/lst-geosciences-appliquees/,"Cette licence mettra l’accent sur trois aspects fondamentaux :Compléter la formation du premier cycle (acquisition des méthodes et concepts généraux).Apporter aux étudiants à la fois une formation solide et équilibrée combinant outils théoriques, expérimentaux et techniques diversifiés liés aux Sciences de la Terre et de l’Environnement.Préparer les étudiants à la vie active ou à la poursuite des études supérieures.","{'Semestre 5': ['', ' Pétrographie/Minéralogie', ' Environnements sédimentaires', ' Élément de\xa0 tectonique/Domaines structuraux du Maroc', ' Ressources hydriques', ' Géochimie et pollution urbaine', ' Pédologie'], 'Semestre 6': ['', ' Traitement des données géologiques', ' Cartographie numérique', ' Géologie appliquée', ' Projet de fin d’études']}",L’expertise et Cartographie. | La Géotechnique et Géo-matériaux (achat et vente du matériel de génie géologique). | L’environnement (technicien de l’environnement).,Coordinnateur pédagogique : Pr.Wahbi Miriam           :  mwahbi@uae.ac.ma
27,"Ingénierie de Développement d’Applications
Informatiques",lst,https://fstt.ac.ma/Portail2023/lst-ingenierie-de-developpement-dapplications-informatiques/,"La Licence Science et Technique permet en Ingénierie de développement d’applications informatiques aux étudiants :d'avoir une culture de base scientifique,d’acquérir une base solide dans les axes majeurs et fondamentaux de la discipline informatique : algorithmique, programmation, bases de données, systèmes d’exploitations et réseaux.de développer un savoir-faire technique en informatique : technologie objet, informatique distribuée, architectures client-serveur et n-tiers, applications hétérogènes...d’améliorer leur niveau d’anglaisd’avoir une culture d’entreprise suffisante pour se faire une idée concrète sur le monde du travail.","{'Semestre 5': ['', ' Modélisations avancée et Méthodes de génie logiciel', ' Développement Web', ' Base de données Structurées et non Structurées', ' Programmation Orientée Objet en C++/Java', ' Systèmes et réseaux informatiques', ' Développement de soft skills'], 'Semestre 6': ['', "" Innover, Entreprendre et s’initier à la Gestion d'une Entreprise avec un ERP"", ' Initiation en développement mobile et Edge Computing', ' Développement web avancé Back end (Python) ', ' PFE']}","Technicien supérieur en développement d’application en C++ et JAVA | Technicien supérieur en réseaux locaux : installation, configuration et administration des réseaux locaux | Technicien supérieur en SGBD R : installation, configuration et administration des SGBD | WebMaster et développeur de sites web dynamiques | Poursuivre des études supérieures en Informatique",Coordinnateur : Pr.KOUNAIDI Mohamed             :  m.kounaidi@@uae.ac.ma
28,Ingénierie Statistique,lst,https://fstt.ac.ma/Portail2023/lst-ingenierie-statistique/,"Permettre aux étudiants d’acquérir des connaissances mathématiques fondamentales et appliquées.Apporter aux étudiants une formation solide en statistique, tout en leur permettant  d’acquérir une culture scientifique générale pour favoriser leur intégration dans leur futur environnement.Développer les aspects théoriques par des enseignements adaptés (cours, travaux dirigés, étude de cas, mini projets) et des aspects pratiques par des études de problèmes concrets de la statistique appliquée (stages en entreprise, visites et projets de fin d’études).Utiliser efficacement l’outil informatique et les logiciels statistiques.Former des jeunes diplômés, aptes à répondre aux besoins des entreprises dans le domaine du traitement statistique de l’information et des techniques d’aide à la décision.Préparer les étudiants aux carrières de recherche universitaire.","{'Semestre 5': ['', ' Topologies dans les espaces métriques', ' Intégration', ' Probabilités avancées', ' Recherche Opérationnelle', ' Concept de base de Programmation avancée C++', ' Analyse des données'], 'Semestre 6': ['', ' Statistique Mathématique', ' MSP', ' Régression–Anova', ' Projet de fin d’études']}",Formation académique en mathématiques fondamentales et statistiques mathématiques offrant ainsi la possibilité de poursuivre les études en Master fondamental ou professionnel. | Maîtrise de l’outil informatique et les logiciels statistiques spécialisés. | Capacité à concevoir et à mener des études statistiques offrant des perspectives professionnelles dans différents secteurs socio-économiques et industriels.,Coordinnateur pédagogique : Pr.El Merzguioui Mhamed             :  melmerzguioui@uae.ac.ma
29,Mathématiques et Applications,lst,https://fstt.ac.ma/Portail2023/lst-mathematiques-et-applications/,"Acquérir une double compétence mathématiques et informatique grâce à laquelle ils aborderont les problèmes de modélisation et de simulation scientifique sous tous leurs aspects, de la conception à la mise en oeuvre numérique.
L’accent est donc mis à la fois sur des techniques d’ingénierie mathématiques et sur les langages de programmation et les outils algorithmiques.","{'Semestre 5': ['', ' Topologies dans les espaces métriques', ' Intégration', ' Probabilités avancées', ' Recherche Opérationnelle', ' Concepts de base de programmation orientée C', ' Analyse numérique matricielle'], 'Semestre 6': ['', ' Calcul différentiel et équations différentielles', ' Topologie générale et distributions', ' Analyse numérique des équations différentielles', ' Projet de fin d’études']}",Les entreprises et les bureaux d’études ; | La poursuite des études en cycle ingénieur ; | La poursuite des études en cycle Master ; | L’enseignement public ou privé.,Coordinnateur pédagogique : Pr.Lahrouz Adil           :  a.lahrouz1@uae.ac.ma
30,Mathématiques et Informatique Décisionnelles,lst,https://fstt.ac.ma/Portail2023/lst-mathematiques-et-informatique-decisionnelles/,"Maîtriser et mettre en œuvre des outils et méthodes mathématiques de hautFormer des jeunes diplômés, aptes à répondre aux besoins du milieu socio-économique dans le domaine du traitement de l’information et des techniques d’aide à la décision.Utiliser efficacement l’outil informatique et lesPréparer les étudiants aux carrières de recherche","{'Semestre 5': ['', ' Base de données Relationnelles et Nosql', ' POO/ Développement web', ' Intégration et Probabilités', ' Topologie et Calcul différentiel', ' Optimisation non linéaire et recherche opérationnelle', ' Anglais et Management de Projet'], 'Semestre 6': ['', ' PYTHON ET MACHINE LEARNING', "" Mathématiques pour l'Intelligence Artificiel"", ' Analyse numérique et équations différentielles ', ' PFE']}","Master de mathématiques et informatique (fondamental, spécialisé ou professionnel) dans une université marocaine ou étrangère. | Intégration (sur concours ou dossier) des écoles d'ingénieurs | Administration | Industries et commerce | Sociétés financières. | Bureaux d’études",Coordinnateur : Pr.LAHROUZ Adil             :  a.lahrouz@uae.ac.ma
31,Risques et Ressources Naturels,lst,https://fstt.ac.ma/Portail2023/lst-rrn/,"Le Maroc est exposé, vu sa position géographique et spécifications géologiques, à la production d’éventuelle catastrophes naturelles, en particulier les séismes, les inondations, les crus torrentielle, le risque hydrique, etc. c’est devenu un sujet de préoccupation en raison de l’impact de ces phénomènes sur le plan socioéconomique. A cet effet, le Maroc a adopté le plan d’action national pour la gestion des risques de catastrophes naturelles couvrant essentiellement 4 types de catastrophes : les tsunamis, l’érosion des sols, les séismes, et les inondations. Sans oublier que la menace de ces catastrophes croit avec le changement climatique et le développement démographique. Ces derniers, influent également sur les réserves des ressources naturelles du pays d’une manière flagrante, les exposant ainsi au risque d’épuisement. En effet, là il s’agit d’un autre risque qui menace le secteur socioéconomique du pays. Ainsi, pour faire face à cette menace, et dans une optique de la mise en œuvre des ODD pour l’horizon 2030, le Maroc adopte la Charte Nationale de l’Environnement et du Développement Durable qui a été concrétisée entre autres grâce à la Stratégie nationale de la protection de l’environnement (SNPE) et la Stratégie nationale de développement durable (SNDD). Cette dernière a entrainé la prise en compte de divers stratégie et plans mis en place comme le Plan Maroc Vert, Stratégie énergétique, Plan Halieutis, etc.Cette formation vient alors pour répondre à un besoin important en compétences maitrisant d’une part les différentes techniques de diagnostic des risques et d’identification de leurs aléas et enjeux, etc. D’autre part, cette filière vise à fournir aux acteurs socioéconomiques des compétences en matière d’évaluation des ressources naturelles, estimation des gisements, méthodes d’exploitation avec une gestion rationnelle et durable.","{'Semestre 5': ['', ' Risques et ressources naturels', ' Techniques géophysiques/géotechniques/géochimiques', ' Techniques géomatiques', ' Informatiques', ' Modélisation et analyse de données', ' Soft Skills'], 'Semestre 6 ( Option : Risques naturels)': ['', ' Risques géologiques\xa0 ', ' Risques hydroclimatiques', ' Risques naturels et aménagement', ' Projet de fin d’études'], 'Semestre 6 ( Option : Ressources naturelles)': ['', ' Géoressources Naturelles', ' Bioressources Naturelles', ' Valorisation et durabilité des ressources', ' Projet de fin d’études']}","Observatoire National des Risques Naturels, | Bureaux d’étude, | Laboratoire d’étude (LPEE), | Organismes gestionnaires des ressources hydriques, de sols, minières, , | Les institutions administratives et professionnelles, | Les institutions de recherche scientifique et technique, | Etc.",Coordinnateur : Pr.Bouzid Saida              : sbouzid@uae.ac.ma
32,Statistique et Science des Données,lst,https://fstt.ac.ma/Portail2023/lst-statistique-et-science-des-donnees/,"Permettre aux étudiants d’acquérir des connaissances en mathématiques fondamentales et appliquées et aussi en sciences des données et informatique.Apporter aux étudiants une formation solide en statistique et science des données, tout en leur permettant d’acquérir une culture scientifique générale pour favoriser leur intégration dans leur futurDévelopper les aspects théoriques par des enseignements adaptés (cours, travaux dirigés, étude de cas, mini projets) et des aspects pratiques par des études de problèmes concrets de la statistique, Science des donnée et informatique (stages en entreprise, visites et projets de fin d’études).Utiliser efficacement l’outil informatique et les logicielsFormer des jeunes diplômés, aptes à répondre aux besoins des entreprises dans le domaine du traitement statistique de l’information et des techniques d’aide à la décision.Préparer les étudiants aux carrières de recherche","{'Semestre 5': ['', ' Base de données Relationnelles et NoSQL', ' Programmation orientée objet et Développement Web', ' Statistique Inférentielle et Recherche Opérationnelle', ' Intégration et Probabilités', ' Analyse des Données et Datamining', ' Anglais et Management de Projet'], 'Semestre 6': ['', ' Programmation Python et Machine Learning', ' Mathématiques pour l’Intelligence Artificielle', ' Régression – Anova et Maîtrise Statistique des Procédés ', ' PFE']}","Master de mathématiques et informatique (fondamental, spécialisé ou professionnel) dans une université marocaine ou étrangère. | Intégration (sur concours ou dossier) des écoles d'ingénieurs | Administration | Industries et commerce | Sociétés financières. | Bureaux d’études",Coordinnateur : Pr.EL MERZGUIOUI Mhamed             :  melmerzguioui@uae.ac.ma
33,Techniques d'Analyses Chimiques (TAC),lst,https://fstt.ac.ma/Portail2023/lst-techniques-danalyses-chimiques/,"Apporter aux étudiants des connaissances théoriques en chimie de base et de comprendre les principes des techniques physico-chimiques et instrumentales, leurs domaines d'application et spécificités, savoir les appliquer à des cas concrets  en analyse et contrôle.Comprendre comment l’analyse chimique est appliquée dans les domaines pharmaceutiques, alimentaires, environnementaux ; Posséder des notions sur les réglementations, les normes, le risque chimique, la sécurité des produits, leur importance dans l’industrie.Maîtriser les tableurs en chimie analytique ; Maîtrise de l'outil statistique.Permettre aux étudiants de construire leur projet de formation, en leur offrant particulièrement des enseignements permettant un accès à des cycles diversifiés (Masters, filières d’ingénieurs…)","{'Semestre 5': ['', ' Chimie organique avancée', ' Chimie inorganique', ' Thermochimie, Cinétique et Catalyse', ' Electrochimie et Méthodes électro-analytiques', ' Méthodes Spectroscopiques', ' Techniques d’analyse inorganiques'], 'Semestre 6': ['', ' Techniques Séparatives', ' Chimie et analyse des eaux', ' Assurance qualité dans les laboratoires d’analyses chimiques', ' Projet de fin d’études']}",,Coordinnateur pédagogique  : Pr.Chabbi Mohamed            :  Jbilou Mohammed
34,BIOLOGIE-CHIMIE-GEOLOGIE,deust,https://fstt.ac.ma/Portail2023/biologie-chimie-geologie/,"Le tronc commun BCG est un cursus qui comporte un ensemble de modules pris dans plusieurs champs disciplinaires et ayant pour objectif de faire acquérir des connaissances, des aptitudes et des compétences. Donner à l’étudiant les outils méthodologique pour qu’il puisse organiser son travail et développer un esprit de synthèse, de rigueur et d’initiative.
L’objectif de cette formation et de donner à l’étudiant les possibilités d'orienter sa carrière vers les licences de chimie, de biologie et de géologie.
Également, ce tronc commun permet à l’étudiant de postuler à des concours d’accès aux cycles ingénieurs de notre établissement ainsi qu’au concours nationaux ou internationaux des écoles d’ingénieurs.","{'Semestre 1': ['', ' Biologie cellulaire', ' Optique et Radioactivité', ' Cosmologie & Géodynamique interne', ' Structure de la matière', ' Algèbre', ' Langues et Communication -LC1'], 'Semestre 2': ['', ' Biologie animale', ' Thermodynamique/ Mécanique des fluides', ' Géodynamique externe', ' Réactivité chimique', ' Analyse', ' Langues et Communication –LC2'], 'Semestre 3': ['', ' Biologie végétale', ' Électricité', ' Stratigraphie & Paléo-environnement', ' Chimie Organique 1', ' Chimie Minérale 1', ' Probabilités/Statistiques'], 'Semestre 4': ['', ' Biochimie structurale', ' Microbiologie', ' Chimie organique 2/ chimie minérale 2', ' Biochimie métabolique', ' Base de données', ' Langues et Communication –LC3']}",,"Coordinnateur pédagogique  : Pr.Chouaibi Nour Eddine

 :  n.chouaibi@uae.ac.ma"
35,GÉNIE ELECTRIQUE – GÉNIE MÉCANIQUE,deust,https://fstt.ac.ma/Portail2023/genie-electrique-genie-mecanique/,"L’objectif du tronc commun GE/GM est de donner à l’étudiant une base solide en matières scientifiques (physique, chimie et mathématiques etc…) et techniques (Electrotechnique, Automatique, mécanique et instrumentation et métrologie) qui vont lui permet de continuer ses études en licences qui émanent de ce parcours tout en gardant la possibilité de se réorienter à d’autres licences des autres troncs communs comme MIP et MIPC.
Également, ce tronc commun permet à l’étudiant de postuler à des concours nationaux ou internationaux des écoles d’ingénieurs.","{'Semestre 1': ['', ' Circuits électriques et électroniques', ' Electricité', ' Analyse 1 : Fonction d’une variable réelle', ' Algèbre 1 : Polynômes et espaces vectoriels', ' Algorithmique et Programmation 1', ' Langues et Communication -LC1'], 'Semestre 2': ['', ' Thermodynamique', ' Mécanique du point et Optique géométrique', ' Analyse 2 : Calcul intégral et équations différentielles', ' Algèbre 2 : Réduction des endomorphismes et formesquadratiques', ' Structure de la matière', ' Langues et Communication –LC2'], 'Semestre 3': ['', ' Mécanique des Solides', ' Electronique', ' Statistique descriptive/probabilités', ' Algorithmique et Programmation 2', ' Métrologie et instrumentation', ' Gestion'], 'Semestre 4': ['', ' Electrotechnique', ' Automatique', ' Fabrication mécanique', ' Construction mécanique', ' Informatique 3', ' Analyse numérique']}",,Coordinnateur pédagogique : Pr.Jbilou Mohammed             :  mjbilou@uae.ac.ma
36,MATHÉMATIQUES-INFORMATIQUE-PHYSIQUE,deust,https://fstt.ac.ma/Portail2023/mathematique-informatique-physique/,"L’objectif du tronc commun MIP est de donner à l’étudiant une base solide dans les matières scientifiques (physique, chimie et mathématiques etc…) qui vont lui permettre de continuer ses études dans les semestres S5 et S6 des cycles licences qui émanent de ce parcours tout en gardant la possibilité de se réorienter vers d’autres troncs communs comme MIPC et GE/GM.
Également, ce tronc commun permet à l’étudiant de postuler à des concours d’accès aux cycles ingénieurs dispensés dans notre établissement et aussi à des concours nationaux ou internationaux des écoles d’ingénieurs.","{'Semestre 1': ['', ' Circuits électriques et électroniques', ' Electricité', ' Analyse 1 : Fonction d’une variable réelle', ' Algèbre 1 : Polynômes et espaces vectoriels', ' Algorithmique et Programmation 1', ' Langues et Communication -LC1'], 'Semestre 2': ['', ' Thermodynamique', ' Mécanique du point et Optique géométrique', ' Analyse 2 : Calcul intégral et équations différentielles', ' Algèbre 2 : Réduction des endomorphismes et formesquadratiques', ' Structure de la matière', ' Langues et Communication –LC2'], 'Semestre 3': ['', ' Mécanique des Solides', ' Analyse 3 : Fonctions de plusieurs variables et calcul des intégrales multiples', ' Statistique descriptive/probabilités', ' Algorithmique et Programmation 2', ' Réactivité chimique', ' Langues et Communication –LC3'], 'Semestre 4': ['', ' Électromagnétisme ', ' Mécanique quantique et Relativité', ' Analyse 4: Séries de fonctions et calcul des résidus', ' Structure de données en C', ' Chimie organique 1', ' Chimie minérale 1']}",,Coordinnateur pédagogique : Pr.Jbilou Mohammed             :  mjbilou@uae.ac.ma
37,MATHÉMATIQUES-INFORMATIQUE-PHYSIQUE-CHIMIE,deust,https://fstt.ac.ma/Portail2023/mathematiques-informatique-physique-chimie/,"L’objectif du tronc commun MIPC est de donner à l’étudiant une base solide dans les matières scientifiques (physique, chimie et mathématiques etc…) qui vont lui permettre de continuer ses études dans les semestres S5 et S6 des cycles licences qui émanent de ce parcours tout en gardant la possibilité de se réorienter vers d’autres troncs communs comme MIP et GE/GM.
Également, ce tronc commun permet à l’étudiant de postuler à des concours d’accès aux cycles ingénieurs dispensés dans notre établissement et aussi à des concours nationaux ou internationaux des écoles d’ingénieurs.","{'Semestre 1': ['', ' Circuits électriques et électroniques', ' Electricité', ' Analyse 1 : Fonction d’une variable réelle', ' Algèbre 1 : Polynômes et espaces vectoriels', ' Algorithmique et Programmation 1', ' Langues et Communication -LC1'], 'Semestre 2': ['', ' Thermodynamique', ' Mécanique du point et Optique géométrique', ' Analyse 2 : Calcul intégral et équations différentielles', ' Algèbre 2 : Réduction des endomorphismes et formes quadratiques', ' Structure de la matière', ' Langues et Communication –LC2'], 'Semestre 3': ['', ' Électromagnétisme', ' Analyse 3 : Fonctions de plusieurs variables et calcul des intégrales multiples', ' Statistique descriptive/probabilités', ' Algorithmique et Programmation 2', ' Réactivité chimique', ' LC3'], 'Semestre 4': ['', ' Mécanique des Solides', ' Mécanique quantique et Relativité', ' Analyse 4: Séries de fonctions et calcul des résidus', ' Structure de données en C', ' Chimie organique 1', ' Chimie minérale 1']}",,Coordinnateur pédagogique : Pr.Jbilou Mohammed             :  mjbilou@uae.ac.ma
